problemID,pass@1,pass@2,pass@3,without,misleading
1063B,fail,fail,fail,fail,fail
1090D,fail,fail,fail,fail,fail
1106D,pass,pass,pass,pass,fail
1138B,fail,fail,fail,fail,fail
1156B,pass,pass,pass,pass,pass
1180B,fail,fail,fail,fail,fail
1213G,fail,fail,fail,fail,fail
1252H,fail,fail,fail,fail,fail
1269B,fail,fail,fail,fail,fail
1283D,fail,fail,fail,fail,fail
1323B,fail,fail,pass,fail,fail
1326D2,fail,fail,fail,fail,fail
1396B,fail,fail,fail,fail,fail
1397B,fail,fail,fail,pass,pass
1420D,fail,fail,fail,fail,fail
1442A,fail,fail,fail,fail,fail
1468J,fail,fail,fail,fail,fail
1475D,fail,fail,fail,fail,fail
148D,fail,fail,fail,fail,fail
1491D,pass,pass,pass,pass,pass
1501C,fail,fail,fail,fail,fail
1549D,fail,fail,fail,fail,fail
1554D,fail,fail,fail,fail,fail
1572A,fail,fail,fail,fail,fail
1635D,fail,fail,fail,fail,fail
1637D,fail,fail,fail,fail,fail
1649D,fail,fail,fail,fail,fail
1675F,fail,fail,fail,fail,fail
1678B2,fail,fail,fail,fail,fail
1691D,pass,pass,pass,pass,pass
1721D,fail,fail,fail,fail,fail
1729E,fail,fail,fail,fail,fail
1734D,fail,fail,fail,fail,fail
1775C,pass,pass,pass,pass,fail
1775D,fail,fail,fail,fail,fail
1780D,fail,fail,fail,fail,fail
1801B,fail,fail,fail,fail,fail
1805D,fail,fail,fail,fail,fail
1809D,fail,fail,fail,fail,fail
1841C,fail,fail,fail,fail,fail
1845D,fail,fail,fail,fail,fail
1846F,fail,fail,fail,fail,fail
1851F,fail,fail,fail,fail,fail
1904D2,fail,fail,fail,fail,fail
1915G,fail,fail,fail,fail,fail
1923D,fail,fail,fail,fail,fail
1951C,pass,pass,pass,pass,pass
1969C,fail,fail,fail,fail,fail
1995C,fail,fail,fail,fail,fail
2005C,pass,pass,pass,pass,pass
2014E,fail,fail,fail,fail,fail
2020D,fail,fail,fail,fail,fail
2032D,fail,fail,fail,fail,fail
2037E,fail,fail,fail,fail,fail
2041D,pass,pass,pass,pass,pass
2042C,fail,fail,fail,fail,fail
2043D,fail,fail,fail,fail,fail
2045A,fail,pass,pass,pass,pass
2045C,fail,fail,fail,fail,fail
2067D,fail,fail,fail,fail,fail
2068B,fail,fail,fail,fail,fail
2068C,fail,fail,fail,fail,fail
2068D,fail,fail,fail,fail,fail
2068E,fail,fail,fail,fail,fail
2071B,fail,fail,fail,fail,fail
2071C,fail,fail,fail,fail,fail
2071D1,fail,fail,fail,fail,fail
2071E,fail,fail,fail,fail,fail
2073E,fail,fail,fail,fail,fail
2077B,fail,fail,fail,fail,fail
2077D,fail,fail,fail,fail,fail
2078B,pass,pass,pass,fail,fail
2078C,fail,fail,fail,fail,fail
2078D,fail,fail,fail,fail,fail
2078E,fail,fail,fail,fail,fail
2089A,fail,fail,fail,fail,fail
2090B,fail,fail,fail,fail,fail
2092D,fail,fail,fail,fail,fail
2093F,fail,fail,fail,fail,fail
2101B,fail,fail,fail,fail,fail
2101C,fail,fail,fail,fail,fail
2102D,fail,fail,fail,fail,fail
2102E,fail,fail,fail,fail,fail
2103C,pass,pass,pass,pass,pass
2104E,pass,pass,pass,pass,pass
2107C,fail,fail,fail,fail,fail
2107F1,fail,fail,fail,fail,fail
2107F2,fail,fail,fail,fail,fail
2108D,fail,fail,fail,fail,fail
2110D,fail,fail,fail,fail,fail
2117E,fail,fail,fail,fail,fail
2117F,fail,fail,fail,fail,fail
2119B,pass,pass,pass,fail,fail
2119C,fail,fail,fail,fail,fail
2119E,fail,fail,fail,fail,fail
2119F,fail,fail,fail,fail,fail
2120D,fail,pass,pass,pass,pass
2121F,fail,fail,fail,fail,fail
2122A,fail,fail,fail,fail,fail
2122B,fail,fail,fail,fail,fail
2122C,fail,pass,pass,pass,pass
2122D,fail,fail,fail,fail,fail
2122G,fail,fail,fail,fail,fail
2123B,pass,pass,pass,fail,fail
2123D,fail,fail,fail,fail,fail
2123F,fail,fail,fail,fail,fail
2124C,pass,pass,pass,fail,fail
2124D,fail,fail,fail,fail,fail
2124E,fail,fail,fail,fail,fail
2125B,fail,fail,fail,fail,fail
2125D,fail,fail,fail,fail,fail
2127B,fail,fail,fail,fail,fail
2127C,fail,fail,fail,fail,fail
2127D,fail,fail,fail,fail,fail
2129B,fail,fail,fail,fail,fail
2130A,fail,fail,fail,fail,fail
2132D,fail,pass,pass,fail,fail
2132E,pass,pass,pass,pass,pass
2135B,fail,fail,fail,fail,fail
2136D,fail,fail,fail,fail,fail
2137E,fail,fail,fail,fail,fail
2138C1,fail,fail,fail,fail,fail
2139D,fail,fail,fail,fail,fail
2139E1,fail,fail,fail,fail,fail
2141C,fail,fail,fail,fail,fail
2143D1,pass,pass,pass,pass,pass
2144D,fail,fail,fail,fail,fail
2145D,pass,pass,pass,pass,pass
2146D1,fail,pass,pass,pass,pass
2147C,fail,fail,fail,fail,fail
2147D,fail,fail,fail,fail,fail
2148F,fail,fail,fail,fail,fail
2149A,pass,pass,pass,fail,fail
2150B,fail,fail,fail,fail,fail
2151C,pass,pass,pass,fail,fail
2151D,fail,fail,fail,fail,fail
2152D,fail,fail,fail,fail,fail
2155C,pass,pass,pass,pass,fail
2155D,fail,fail,fail,fail,fail
222C,fail,fail,fail,fail,fail
342A,pass,pass,pass,pass,pass
448D,pass,pass,pass,pass,pass
48C,fail,fail,fail,fail,fail
603B,fail,fail,fail,fail,fail
730B,fail,fail,fail,fail,fail
772A,fail,fail,fail,fail,fail
830A,fail,fail,fail,fail,fail
873D,fail,fail,fail,fail,fail
979B,fail,fail,fail,fail,fail
987E,pass,pass,pass,pass,pass
abc422_f,fail,fail,fail,fail,fail
abc422_g,fail,fail,fail,fail,fail
